level,name,sub_code,sub_label,class_range,nipun_strand,is_review,num_images,image_search_queries,question_gen_prompt
1,Quantity Comparison,1.0,Mastery,1,Number Sense,False,18,black white clipart equal unequal groups matching; bw clipart match equal quantities worksheet; black white clipart match equal groups objects; bw clipart equal not equal groups comparison; black white clipart matching equal sets; bw clipart circle group with more objects; black white clipart which group has more less; black white clipart more less same worksheet; bw clipart groups equal comparison matching; bw clipart compare two groups objects,"Match equal groups visually. Circle the group with more/less. Child cannot count yet — use obvious visual size differences between groups (e.g. 2 vs 5 apples, 1 vs 4 stars). No numerals. Matching format only."
1,Quantity Comparison,1.1,Easier_Remediation,1,Number Sense,False,14,black white clipart equal unequal groups matching easy; bw clipart match equal quantities worksheet easy; black white clipart match equal groups objects easy; bw clipart equal not equal groups comparison easy; black white clipart matching equal sets easy; bw clipart circle group with more objects easy; black white clipart which group has more less easy; black white clipart more less same worksheet easy; bw clipart groups equal comparison matching easy; bw clipart compare two groups objects easy,"SIMPLER VERSION — Match equal groups visually. Circle the group with more/less. Child cannot count yet — use obvious visual size differences between groups (e.g. 2 vs 5 apples, 1 vs 4 stars). No numerals. Matching format only."
1,Quantity Comparison,1.2,Further_Remediation,1,Number Sense,False,14,black white clipart equal unequal groups matching beginner; bw clipart match equal quantities worksheet beginner; black white clipart match equal groups objects beginner; bw clipart equal not equal groups comparison beginner; black white clipart matching equal sets beginner; bw clipart circle group with more objects beginner; black white clipart which group has more less beginner; black white clipart more less same worksheet beginner; bw clipart groups equal comparison matching beginner; bw clipart compare two groups objects beginner,"SIMPLEST VERSION — Max scaffolding, minimal items. Match equal groups visually. Circle the group with more/less. Child cannot count yet — use obvious visual size differences between groups (e.g. 2 vs 5 apples, 1 vs 4 stars). No numerals. Matching format only."
2,Odd One Out,2.0,Mastery,1,Classification,False,17,odd one out worksheet black white; which one is different worksheet; classification worksheet kindergarten; same different objects worksheet; odd one out shapes bw; find the odd one worksheet bw; difference recognition worksheet; group classification worksheet; odd one out for kids bw; what doesn't belong worksheet,"Find the object that does not belong. Differences based on shape, size, or type — NOT color (color-based items to be removed). 3-4 items per group."
2,Odd One Out,2.1,Easier_Remediation,1,Classification,False,11,odd one out worksheet black white easy; which one is different worksheet easy; classification worksheet kindergarten easy; same different objects worksheet easy; odd one out shapes easy bw; find the odd one worksheet easy bw; difference recognition worksheet easy; group classification worksheet easy; odd one out for kids easy bw; what doesn't belong worksheet easy,"SIMPLER VERSION — Find the object that does not belong. Differences based on shape, size, or type — NOT color (color-based items to be removed). 3-4 items per group."
2,Odd One Out,2.2,Further_Remediation,1,Classification,False,12,odd one out worksheet black white beginner; which one is different worksheet beginner; classification worksheet kindergarten beginner; same different objects worksheet beginner; odd one out shapes beginner bw; find the odd one worksheet beginner bw; difference recognition worksheet beginner; group classification worksheet beginner; odd one out for kids beginner bw; what doesn't belong worksheet beginner,"SIMPLEST VERSION — Max scaffolding, minimal items. Find the object that does not belong. Differences based on shape, size, or type — NOT color (color-based items to be removed). 3-4 items per group."
3,Matching + Tracing Lines,3.0,Mastery,1,Pre-Writing,False,70,matching lines worksheet bw; tracing lines worksheet bw; match same objects worksheet; draw lines to match worksheet; matching activity worksheet bw; preschool matching worksheet bw; line matching objects bw; connect matching pairs worksheet; simple matching worksheet bw; tracing practice worksheet bw,Draw lines to match identical objects. Trace dotted lines to connect pairs. Pre-writing skill development — fine motor control.
3,Matching + Tracing Lines,3.1,Easier_Remediation,1,Pre-Writing,False,15,matching lines worksheet easy bw; tracing lines worksheet easy bw; match same objects worksheet easy; draw lines to match worksheet easy; matching activity worksheet easy bw; preschool matching worksheet easy bw; line matching objects easy bw; connect matching pairs worksheet easy; simple matching worksheet easy bw; tracing practice worksheet easy bw,SIMPLER VERSION — Draw lines to match identical objects. Trace dotted lines to connect pairs. Pre-writing skill development — fine motor control.
3,Matching + Tracing Lines,3.2,Further_Remediation,1,Pre-Writing,False,19,matching lines worksheet beginner bw; tracing lines worksheet beginner bw; match same objects worksheet beginner; draw lines to match worksheet beginner; matching activity worksheet beginner bw; preschool matching worksheet beginner bw; line matching objects beginner bw; connect matching pairs worksheet beginner; simple matching worksheet beginner bw; tracing practice worksheet beginner bw,"SIMPLEST VERSION — Max scaffolding, minimal items. Draw lines to match identical objects. Trace dotted lines to connect pairs. Pre-writing skill development — fine motor control."
4,Numbers 1-10,4.0,Mastery,1,Number Sense,False,18,numbers 1-10 worksheet bw; counting 1-10 worksheet bw; number recognition 1-10 bw; count and write 1-10 bw; number matching 1-10 bw; count objects 1-10 bw; number tracing 1-10 bw; preschool numbers 1-10 bw; number identification 1-10 bw; count and circle 1-10 bw,Recognise and count numbers 1-10. Match numeral to quantity of objects. Count objects and circle/write correct number. Mastery: count to 10. Easier: count 1-5. Further: trace numerals 1-5.
4,Numbers 1-10,4.1,Easier_Remediation,1,Number Sense,False,14,numbers 1-10 worksheet easy bw; counting 1-10 worksheet easy bw; number recognition 1-10 easy bw; count and write 1-10 easy bw; number matching 1-10 easy bw; count objects 1-10 easy bw; number tracing 1-10 easy bw; preschool numbers 1-10 easy bw; number identification 1-10 easy bw; count and circle 1-10 easy bw,SIMPLER VERSION — Recognise and count numbers 1-10. Match numeral to quantity of objects. Count objects and circle/write correct number. Easier: count to 10. Easier: count 1-5. Further: trace numerals 1-5.
4,Numbers 1-10,4.2,Further_Remediation,1,Number Sense,False,14,numbers 1-10 worksheet beginner bw; counting 1-10 worksheet beginner bw; number recognition 1-10 beginner bw; count and write 1-10 beginner bw; number matching 1-10 beginner bw; count objects 1-10 beginner bw; number tracing 1-10 beginner bw; preschool numbers 1-10 beginner bw; number identification 1-10 beginner bw; count and circle 1-10 beginner bw,"SIMPLEST VERSION — Max scaffolding, minimal items. Recognise and count numbers 1-10. Match numeral to quantity of objects. Count objects and circle/write correct number. Further: count to 10. Easier: count 1-5. Further: trace numerals 1-5."
5,Finger Gesture Counting,5.0,Mastery,1,Number Sense,False,18,finger counting worksheet bw; count fingers worksheet bw; finger number matching bw; hand gesture counting bw; finger count 1-10 bw; counting with fingers worksheet bw; finger number worksheet bw; match fingers to numbers bw; finger counting activity bw; how many fingers worksheet bw,Match hand gestures to quantities 1-10. Count fingers shown. Connect finger picture to correct numeral. Builds one-to-one correspondence through familiar body representation.
5,Finger Gesture Counting,5.1,Easier_Remediation,1,Number Sense,False,14,finger counting worksheet easy bw; count fingers worksheet easy bw; finger number matching easy bw; hand gesture counting easy bw; finger count 1-10 easy bw; counting with fingers worksheet easy bw; finger number worksheet easy bw; match fingers to numbers easy bw; finger counting activity easy bw; how many fingers worksheet easy bw,SIMPLER VERSION — Match hand gestures to quantities 1-10. Count fingers shown. Connect finger picture to correct numeral. Builds one-to-one correspondence through familiar body representation.
5,Finger Gesture Counting,5.2,Further_Remediation,1,Number Sense,False,14,finger counting worksheet beginner bw; count fingers worksheet beginner bw; finger number matching beginner bw; hand gesture counting beginner bw; finger count 1-10 beginner bw; counting with fingers worksheet beginner bw; finger number worksheet beginner bw; match fingers to numbers beginner bw; finger counting activity beginner bw; how many fingers worksheet beginner bw,"SIMPLEST VERSION — Max scaffolding, minimal items. Match hand gestures to quantities 1-10. Count fingers shown. Connect finger picture to correct numeral. Builds one-to-one correspondence through familiar body representation."
6,"After, Between, Before",6.0,Mastery,1,Number Sense,False,18,after between before worksheet bw; numbers before after between bw; what comes after worksheet bw; what comes between worksheet bw; what comes before worksheet bw; number sequence 1-10 bw; before after numbers worksheet bw; between numbers worksheet bw; ordering numbers 1-10 bw; number sequencing worksheet bw,"What comes before, after, or between numbers 1-10. Use number line support. Mastery: 1-10. Easier: 1-5 with number line. Further: 1-3 with visual number strip."
6,"After, Between, Before",6.1,Easier_Remediation,1,Number Sense,False,14,after between before worksheet easy bw; numbers before after between easy bw; what comes after worksheet easy bw; what comes between worksheet easy bw; what comes before worksheet easy bw; number sequence 1-10 easy bw; before after numbers worksheet easy bw; between numbers worksheet easy bw; ordering numbers 1-10 easy bw; number sequencing worksheet easy bw,"SIMPLER VERSION — What comes before, after, or between numbers 1-10. Use number line support. Easier: 1-10. Easier: 1-5 with number line. Further: 1-3 with visual number strip."
6,"After, Between, Before",6.2,Further_Remediation,1,Number Sense,False,14,after between before worksheet beginner bw; numbers before after between beginner bw; what comes after worksheet beginner bw; what comes between worksheet beginner bw; what comes before worksheet beginner bw; number sequence 1-10 beginner bw; before after numbers worksheet beginner bw; between numbers worksheet beginner bw; ordering numbers 1-10 beginner bw; number sequencing worksheet beginner bw,"SIMPLEST VERSION — Max scaffolding, minimal items. What comes before, after, or between numbers 1-10. Use number line support. Further: 1-10. Easier: 1-5 with number line. Further: 1-3 with visual number strip."
7,Addition through Objects,7.0,Mastery,1,Number Operations,False,18,addition with objects worksheet bw; addition using pictures bw; adding objects worksheet bw; simple addition pictures bw; addition 1-10 with pictures bw; count and add worksheet bw; picture addition kindergarten bw; visual addition worksheet bw; addition sums with objects bw; beginner addition objects bw,"Add by counting objects. Two groups shown, find total. Mastery: sums up to 10 with objects. Easier: sums up to 5 (1+1, 1+2, 2+2). Further: add 1 more to a group (up to 5). One-to-one correspondence: show fingers matching objects."
7,Addition through Objects,7.1,Easier_Remediation,1,Number Operations,False,14,addition with objects worksheet easy bw; addition using pictures easy bw; adding objects worksheet easy bw; simple addition pictures easy bw; addition 1-10 with pictures easy bw; count and add worksheet easy bw; picture addition kindergarten easy bw; visual addition worksheet easy bw; addition sums with objects easy bw; beginner addition objects easy bw,"SIMPLER VERSION — Add by counting objects. Two groups shown, find total. Easier: sums up to 10 with objects. Easier: sums up to 5 (1+1, 1+2, 2+2). Further: add 1 more to a group (up to 5). One-to-one correspondence: show fingers matching objects."
7,Addition through Objects,7.2,Further_Remediation,1,Number Operations,False,14,addition with objects worksheet beginner bw; addition using pictures beginner bw; adding objects worksheet beginner bw; simple addition pictures beginner bw; addition 1-10 with pictures beginner bw; count and add worksheet beginner bw; picture addition kindergarten beginner bw; visual addition worksheet beginner bw; addition sums with objects beginner bw; beginner addition objects beginner bw,"SIMPLEST VERSION — Max scaffolding, minimal items. Add by counting objects. Two groups shown, find total. Further: sums up to 10 with objects. Easier: sums up to 5 (1+1, 1+2, 2+2). Further: add 1 more to a group (up to 5). One-to-one correspondence: show fingers matching objects."
8,Subtraction (1-10),8.0,Mastery,1,Number Operations,False,18,subtraction with objects worksheet bw; subtraction using pictures bw; take away objects worksheet bw; simple subtraction pictures bw; subtraction 1-10 with pictures bw; cross out subtraction bw; picture subtraction worksheet bw; visual subtraction worksheet bw; subtraction sums with objects bw; beginner subtraction objects bw,"Take away objects and count what remains. Cross out pictures to subtract. Mastery: subtract within 10 with objects. Easier: subtract 1 or 2 from groups up to 5. Further: show result, identify how many were taken away."
8,Subtraction (1-10),8.1,Easier_Remediation,1,Number Operations,False,14,subtraction with objects worksheet easy bw; subtraction using pictures easy bw; take away objects worksheet easy bw; simple subtraction pictures easy bw; subtraction 1-10 with pictures easy bw; cross out subtraction easy bw; picture subtraction worksheet easy bw; visual subtraction worksheet easy bw; subtraction sums with objects easy bw; beginner subtraction objects easy bw,"SIMPLER VERSION — Take away objects and count what remains. Cross out pictures to subtract. Easier: subtract within 10 with objects. Easier: subtract 1 or 2 from groups up to 5. Further: show result, identify how many were taken away."
8,Subtraction (1-10),8.2,Further_Remediation,1,Number Operations,False,14,subtraction with objects worksheet beginner bw; subtraction using pictures beginner bw; take away objects worksheet beginner bw; simple subtraction pictures beginner bw; subtraction 1-10 with pictures beginner bw; cross out subtraction beginner bw; picture subtraction worksheet beginner bw; visual subtraction worksheet beginner bw; subtraction sums with objects beginner bw; beginner subtraction objects beginner bw,"SIMPLEST VERSION — Max scaffolding, minimal items. Take away objects and count what remains. Cross out pictures to subtract. Further: subtract within 10 with objects. Easier: subtract 1 or 2 from groups up to 5. Further: show result, identify how many were taken away."
9,Pattern Recognition + Tracing,9.0,Mastery,1,Patterns,False,18,pattern recognition worksheet bw; complete the pattern worksheet bw; ab pattern worksheet bw; tracing patterns worksheet bw; copy the pattern worksheet bw; pattern sequencing worksheet bw; shape pattern worksheet bw; repeating patterns worksheet bw; pattern copying activity bw; simple patterns worksheet bw,Complete AB/ABB patterns. Trace pattern elements. Pattern complexity increases with number of items in cycle. Mastery: AB patterns (easy: 🔴🔵🔴🔵__). Easier: copy given pattern. Further: trace to complete. Avoid multi-attribute patterns (shape+color) that cause cognitive overload.
9,Pattern Recognition + Tracing,9.1,Easier_Remediation,1,Patterns,False,14,pattern recognition worksheet easy bw; complete the pattern worksheet easy bw; ab pattern worksheet easy bw; tracing patterns worksheet easy bw; copy the pattern worksheet easy bw; pattern sequencing worksheet easy bw; shape pattern worksheet easy bw; repeating patterns worksheet easy bw; pattern copying activity easy bw; simple patterns worksheet easy bw,SIMPLER VERSION — Complete AB/ABB patterns. Trace pattern elements. Pattern complexity increases with number of items in cycle. Easier: AB patterns (easy: 🔴🔵🔴🔵__). Easier: copy given pattern. Further: trace to complete. Avoid multi-attribute patterns (shape+color) that cause cognitive overload.
9,Pattern Recognition + Tracing,9.2,Further_Remediation,1,Patterns,False,14,pattern recognition worksheet beginner bw; complete the pattern worksheet beginner bw; ab pattern worksheet beginner bw; tracing patterns worksheet beginner bw; copy the pattern worksheet beginner bw; pattern sequencing worksheet beginner bw; shape pattern worksheet beginner bw; repeating patterns worksheet beginner bw; pattern copying activity beginner bw; simple patterns worksheet beginner bw,"SIMPLEST VERSION — Max scaffolding, minimal items. Complete AB/ABB patterns. Trace pattern elements. Pattern complexity increases with number of items in cycle. Further: AB patterns (easy: 🔴🔵🔴🔵__). Easier: copy given pattern. Further: trace to complete. Avoid multi-attribute patterns (shape+color) that cause cognitive overload."
10,Comparison - Numeral,10.0,Mastery,1,Number Sense,False,18,compare numbers 1-10 worksheet bw; greater less than worksheet bw; number comparison worksheet bw; compare numerals worksheet bw; more less equal numbers bw; greater than less than worksheet bw; comparing numbers symbols bw; number inequality worksheet bw; compare quantities worksheet bw; which is greater worksheet bw,"Compare numbers 1-10 using >, <, =. Now using numerals (not just objects). Child must hold both numbers, compare, decide relation. Mastery: any single-digit. Easier: compare numeral to dot group. Further: 1-5 only with visual prompt."
10,Comparison - Numeral,10.1,Easier_Remediation,1,Number Sense,False,14,compare numbers 1-10 worksheet easy bw; greater less than worksheet easy bw; number comparison worksheet easy bw; compare numerals worksheet easy bw; more less equal numbers easy bw; greater than less than worksheet easy bw; comparing numbers symbols easy bw; number inequality worksheet easy bw; compare quantities worksheet easy bw; which is greater worksheet easy bw,"SIMPLER VERSION — Compare numbers 1-10 using >, <, =. Now using numerals (not just objects). Child must hold both numbers, compare, decide relation. Easier: any single-digit. Easier: compare numeral to dot group. Further: 1-5 only with visual prompt."
10,Comparison - Numeral,10.2,Further_Remediation,1,Number Sense,False,14,compare numbers 1-10 worksheet beginner bw; greater less than worksheet beginner bw; number comparison worksheet beginner bw; compare numerals worksheet beginner bw; more less equal numbers beginner bw; greater than less than worksheet beginner bw; comparing numbers symbols beginner bw; number inequality worksheet beginner bw; compare quantities worksheet beginner bw; which is greater worksheet beginner bw,"SIMPLEST VERSION — Max scaffolding, minimal items. Compare numbers 1-10 using >, <, =. Now using numerals (not just objects). Child must hold both numbers, compare, decide relation. Further: any single-digit. Easier: compare numeral to dot group. Further: 1-5 only with visual prompt."
11,Review Assessment 1,11.0,Mastery,1,Review,True,8,review assessment worksheet g1 bw; mixed math worksheet grade 1 bw; math review worksheet bw; assessment math worksheet g1 bw; cumulative review worksheet bw; mixed practice worksheet bw; math checkup worksheet bw; skill review worksheet g1 bw; math quiz grade 1 bw; test prep math worksheet g1 bw,"Cumulative review of Levels 1-10. Mix of visual comparison, odd one out, matching, counting 1-10, addition/subtraction with objects, patterns, numeral comparison. Balanced difficulty: 50% easy, 35% moderate, 15% hard."
11,Review Assessment 1,11.1,Easier_Remediation,1,Review,True,6,review assessment worksheet g1 easy bw; mixed math worksheet grade 1 easy bw; math review worksheet easy bw; assessment math worksheet g1 easy bw; cumulative review worksheet easy bw; mixed practice worksheet easy bw; math checkup worksheet easy bw; skill review worksheet g1 easy bw; math quiz grade 1 easy bw; test prep math worksheet g1 easy bw,"SIMPLER VERSION — Cumulative review of Levels 1-10. Mix of visual comparison, odd one out, matching, counting 1-10, addition/subtraction with objects, patterns, numeral comparison. Balanced difficulty: 50% easy, 35% moderate, 15% hard."
11,Review Assessment 1,11.2,Further_Remediation,1,Review,True,6,review assessment worksheet g1 beginner bw; mixed math worksheet grade 1 beginner bw; math review worksheet beginner bw; assessment math worksheet g1 beginner bw; cumulative review worksheet beginner bw; mixed practice worksheet beginner bw; math checkup worksheet beginner bw; skill review worksheet g1 beginner bw; math quiz grade 1 beginner bw; test prep math worksheet g1 beginner bw,"SIMPLEST VERSION — Max scaffolding, minimal items. Cumulative review of Levels 1-10. Mix of visual comparison, odd one out, matching, counting 1-10, addition/subtraction with objects, patterns, numeral comparison. Balanced difficulty: 50% easy, 35% moderate, 15% hard."
12,Tens and Ones,12.0,Mastery,1-2,Place Value,False,18,tens and ones worksheet bw; place value blocks worksheet bw; tens ones worksheet bw; base ten blocks worksheet bw; place value 11-30 bw; tens and ones activity bw; regrouping tens ones bw; understanding tens ones bw; place value worksheet bw; count tens ones worksheet bw,"Identify tens and ones using block representations for numbers 11-30. Mastery: count blocks and write tens/ones. Easier: count total blocks and write number. Further: given a number, draw matching blocks."
12,Tens and Ones,12.1,Easier_Remediation,1-2,Place Value,False,14,tens and ones worksheet easy bw; place value blocks worksheet easy bw; tens ones worksheet easy bw; base ten blocks worksheet easy bw; place value 11-30 easy bw; tens and ones activity easy bw; regrouping tens ones easy bw; understanding tens ones easy bw; place value worksheet easy bw; count tens ones worksheet easy bw,"SIMPLER VERSION — Identify tens and ones using block representations for numbers 11-30. Easier: count blocks and write tens/ones. Easier: count total blocks and write number. Further: given a number, draw matching blocks."
12,Tens and Ones,12.2,Further_Remediation,1-2,Place Value,False,14,tens and ones worksheet beginner bw; place value blocks worksheet beginner bw; tens ones worksheet beginner bw; base ten blocks worksheet beginner bw; place value 11-30 beginner bw; tens and ones activity beginner bw; regrouping tens ones beginner bw; understanding tens ones beginner bw; place value worksheet beginner bw; count tens ones worksheet beginner bw,"SIMPLEST VERSION — Max scaffolding, minimal items. Identify tens and ones using block representations for numbers 11-30. Further: count blocks and write tens/ones. Easier: count total blocks and write number. Further: given a number, draw matching blocks."
13,Numbers 11-30,13.0,Mastery,1-2,Number Sense,False,18,numbers 11-30 worksheet bw; counting 11-30 worksheet bw; number recognition 11-30 bw; count and write 11-30 bw; number identification 11-30 bw; number sequencing 11-30 bw; write numbers 11-30 bw; counting objects 11-30 bw; number matching 11-30 bw; numbers 11 to 30 bw,"Recognise, read, write numbers 11-30. Teen numbers (11-20) are irregular — students often confuse 11&12, 13&30, 15&50. Longer attention span needed. Mastery: count and write 11-30. Easier: count objects 11-20. Further: trace numbers 11-15."
13,Numbers 11-30,13.1,Easier_Remediation,1-2,Number Sense,False,14,numbers 11-30 worksheet easy bw; counting 11-30 worksheet easy bw; number recognition 11-30 easy bw; count and write 11-30 easy bw; number identification 11-30 easy bw; number sequencing 11-30 easy bw; write numbers 11-30 easy bw; counting objects 11-30 easy bw; number matching 11-30 easy bw; numbers 11 to 30 easy bw,"SIMPLER VERSION — Recognise, read, write numbers 11-30. Teen numbers (11-20) are irregular — students often confuse 11&12, 13&30, 15&50. Longer attention span needed. Easier: count and write 11-30. Easier: count objects 11-20. Further: trace numbers 11-15."
13,Numbers 11-30,13.2,Further_Remediation,1-2,Number Sense,False,14,numbers 11-30 worksheet beginner bw; counting 11-30 worksheet beginner bw; number recognition 11-30 beginner bw; count and write 11-30 beginner bw; number identification 11-30 beginner bw; number sequencing 11-30 beginner bw; write numbers 11-30 beginner bw; counting objects 11-30 beginner bw; number matching 11-30 beginner bw; numbers 11 to 30 beginner bw,"SIMPLEST VERSION — Max scaffolding, minimal items. Recognise, read, write numbers 11-30. Teen numbers (11-20) are irregular — students often confuse 11&12, 13&30, 15&50. Longer attention span needed. Further: count and write 11-30. Easier: count objects 11-20. Further: trace numbers 11-15."
14,Counting + Fun Trace,14.0,Mastery,1-2,Number Sense,False,18,counting fun worksheet bw; count and color worksheet bw; count and trace worksheet bw; fun counting worksheet bw; count and circle worksheet bw; number fun worksheet bw; count and match worksheet bw; counting activity worksheet bw; count objects color bw; preschool counting fun bw,Count objects and trace the matching number. Engaging visuals to maintain attention. Mastery: count and trace 11-30. Easier: count and trace 11-20 with dotted number guides. Further: count objects 11-15 and trace dotted numerals.
14,Counting + Fun Trace,14.1,Easier_Remediation,1-2,Number Sense,False,14,counting fun worksheet easy bw; count and color worksheet easy bw; count and trace worksheet easy bw; fun counting worksheet easy bw; count and circle worksheet easy bw; number fun worksheet easy bw; count and match worksheet easy bw; counting activity worksheet easy bw; count objects color easy bw; preschool counting fun easy bw,SIMPLER VERSION — Count objects and trace the matching number. Engaging visuals to maintain attention. Easier: count and trace 11-30. Easier: count and trace 11-20 with dotted number guides. Further: count objects 11-15 and trace dotted numerals.
14,Counting + Fun Trace,14.2,Further_Remediation,1-2,Number Sense,False,14,counting fun worksheet beginner bw; count and color worksheet beginner bw; count and trace worksheet beginner bw; fun counting worksheet beginner bw; count and circle worksheet beginner bw; number fun worksheet beginner bw; count and match worksheet beginner bw; counting activity worksheet beginner bw; count objects color beginner bw; preschool counting fun beginner bw,"SIMPLEST VERSION — Max scaffolding, minimal items. Count objects and trace the matching number. Engaging visuals to maintain attention. Further: count and trace 11-30. Easier: count and trace 11-20 with dotted number guides. Further: count objects 11-15 and trace dotted numerals."
15,"After, Between, Before (11-30)",15.0,Mastery,1-2,Number Sense,False,18,before after between 1-30 bw; what comes after 11-30 bw; what comes before 11-30 bw; what comes between 11-30 bw; number sequence 11-30 bw; ordering numbers 11-30 bw; before after worksheet bw; between numbers 11-30 bw; number missing 11-30 bw; sequence numbers worksheet bw,"What comes before, after, between for numbers 11-30. Use number line support. Mastery: 11-30 sequence gaps. Easier: 11-20 with number line visible. Further: 11-15 with colour-coded number strip."
15,"After, Between, Before (11-30)",15.1,Easier_Remediation,1-2,Number Sense,False,14,before after between 1-30 easy bw; what comes after 11-30 easy bw; what comes before 11-30 easy bw; what comes between 11-30 easy bw; number sequence 11-30 easy bw; ordering numbers 11-30 easy bw; before after worksheet easy bw; between numbers 11-30 easy bw; number missing 11-30 easy bw; sequence numbers worksheet easy bw,"SIMPLER VERSION — What comes before, after, between for numbers 11-30. Use number line support. Easier: 11-30 sequence gaps. Easier: 11-20 with number line visible. Further: 11-15 with colour-coded number strip."
15,"After, Between, Before (11-30)",15.2,Further_Remediation,1-2,Number Sense,False,14,before after between 1-30 beginner bw; what comes after 11-30 beginner bw; what comes before 11-30 beginner bw; what comes between 11-30 beginner bw; number sequence 11-30 beginner bw; ordering numbers 11-30 beginner bw; before after worksheet beginner bw; between numbers 11-30 beginner bw; number missing 11-30 beginner bw; sequence numbers worksheet beginner bw,"SIMPLEST VERSION — Max scaffolding, minimal items. What comes before, after, between for numbers 11-30. Use number line support. Further: 11-30 sequence gaps. Easier: 11-20 with number line visible. Further: 11-15 with colour-coded number strip."
16,Addition (1-30),16.0,Mastery,1-2,Number Operations,False,18,addition 1-30 worksheet bw; addition up to 30 bw; adding with objects 1-30 bw; addition sums 1-30 bw; addition practice 1-30 bw; addition number line 1-30 bw; simple addition 1-30 bw; addition with pictures to 30 bw; addition problems 1-30 bw; add and count worksheet bw,"Add numbers with sums up to 30. Objects + numerals. Difficulty: easy (1+1, 1+2) requires one-to-one correspondence; moderate (4+3, 5+2) needs counting ability; hard (8+7, 9+6) needs grouping/decomposition strategies. Mastery: mix of all levels. Easier: sums ≤ 15. Further: sums ≤ 10 with visual objects."
16,Addition (1-30),16.1,Easier_Remediation,1-2,Number Operations,False,14,addition 1-30 worksheet easy bw; addition up to 30 easy bw; adding with objects 1-30 easy bw; addition sums 1-30 easy bw; addition practice 1-30 easy bw; addition number line 1-30 easy bw; simple addition 1-30 easy bw; addition with pictures to 30 easy bw; addition problems 1-30 easy bw; add and count worksheet easy bw,"SIMPLER VERSION — Add numbers with sums up to 30. Objects + numerals. Difficulty: easy (1+1, 1+2) requires one-to-one correspondence; moderate (4+3, 5+2) needs counting ability; hard (8+7, 9+6) needs grouping/decomposition strategies. Easier: mix of all levels. Easier: sums ≤ 15. Further: sums ≤ 10 with visual objects."
16,Addition (1-30),16.2,Further_Remediation,1-2,Number Operations,False,14,addition 1-30 worksheet beginner bw; addition up to 30 beginner bw; adding with objects 1-30 beginner bw; addition sums 1-30 beginner bw; addition practice 1-30 beginner bw; addition number line 1-30 beginner bw; simple addition 1-30 beginner bw; addition with pictures to 30 beginner bw; addition problems 1-30 beginner bw; add and count worksheet beginner bw,"SIMPLEST VERSION — Max scaffolding, minimal items. Add numbers with sums up to 30. Objects + numerals. Difficulty: easy (1+1, 1+2) requires one-to-one correspondence; moderate (4+3, 5+2) needs counting ability; hard (8+7, 9+6) needs grouping/decomposition strategies. Further: mix of all levels. Easier: sums ≤ 15. Further: sums ≤ 10 with visual objects."
17,Subtraction (1-30),17.0,Mastery,1-2,Number Operations,False,18,subtraction 1-30 worksheet bw; subtraction up to 30 bw; subtract with objects 1-30 bw; subtraction sums 1-30 bw; subtraction practice 1-30 bw; subtraction number line 1-30 bw; simple subtraction 1-30 bw; subtraction with pictures to 30 bw; subtraction problems 1-30 bw; take away worksheet 1-30 bw,Subtract numbers with minuends up to 30. Objects + numerals. Uses backward counting skill. Mastery: any subtraction within 30 with objects. Easier: minuends ≤ 15. Further: minuends ≤ 10 with visible objects to cross out.
17,Subtraction (1-30),17.1,Easier_Remediation,1-2,Number Operations,False,14,subtraction 1-30 worksheet easy bw; subtraction up to 30 easy bw; subtract with objects 1-30 easy bw; subtraction sums 1-30 easy bw; subtraction practice 1-30 easy bw; subtraction number line 1-30 easy bw; simple subtraction 1-30 easy bw; subtraction with pictures to 30 easy bw; subtraction problems 1-30 easy bw; take away worksheet 1-30 easy bw,SIMPLER VERSION — Subtract numbers with minuends up to 30. Objects + numerals. Uses backward counting skill. Easier: any subtraction within 30 with objects. Easier: minuends ≤ 15. Further: minuends ≤ 10 with visible objects to cross out.
17,Subtraction (1-30),17.2,Further_Remediation,1-2,Number Operations,False,12,subtraction 1-30 worksheet beginner bw; subtraction up to 30 beginner bw; subtract with objects 1-30 beginner bw; subtraction sums 1-30 beginner bw; subtraction practice 1-30 beginner bw; subtraction number line 1-30 beginner bw; simple subtraction 1-30 beginner bw; subtraction with pictures to 30 beginner bw; subtraction problems 1-30 beginner bw; take away worksheet 1-30 beginner bw,"SIMPLEST VERSION — Max scaffolding, minimal items. Subtract numbers with minuends up to 30. Objects + numerals. Uses backward counting skill. Further: any subtraction within 30 with objects. Easier: minuends ≤ 15. Further: minuends ≤ 10 with visible objects to cross out."
18,Ordering,18.0,Mastery,2,Number Sense,False,18,ascending descending order bw; order numbers worksheet bw; arrange numbers order bw; least to greatest worksheet bw; greatest to least worksheet bw; number ordering worksheet bw; ascending order worksheet bw; descending order worksheet bw; order numbers 1-30 bw; increasing decreasing order bw,Arrange numbers in ascending/descending order. Mastery: order 5 numbers up to 50. Easier: order 3-4 numbers up to 30. Further: order 3 numbers with number line support.
18,Ordering,18.1,Easier_Remediation,2,Number Sense,False,14,ascending descending order easy bw; order numbers worksheet easy bw; arrange numbers order easy bw; least to greatest worksheet easy bw; greatest to least worksheet easy bw; number ordering worksheet easy bw; ascending order worksheet easy bw; descending order worksheet easy bw; order numbers 1-30 easy bw; increasing decreasing order easy bw,SIMPLER VERSION — Arrange numbers in ascending/descending order. Easier: order 5 numbers up to 50. Easier: order 3-4 numbers up to 30. Further: order 3 numbers with number line support.
18,Ordering,18.2,Further_Remediation,2,Number Sense,False,14,ascending descending order beginner bw; order numbers worksheet beginner bw; arrange numbers order beginner bw; least to greatest worksheet beginner bw; greatest to least worksheet beginner bw; number ordering worksheet beginner bw; ascending order worksheet beginner bw; descending order worksheet beginner bw; order numbers 1-30 beginner bw; increasing decreasing order beginner bw,"SIMPLEST VERSION — Max scaffolding, minimal items. Arrange numbers in ascending/descending order. Further: order 5 numbers up to 50. Easier: order 3-4 numbers up to 30. Further: order 3 numbers with number line support."
19,Numbers 31-50,19.0,Mastery,2,Number Sense,False,18,numbers 31-50 worksheet bw; counting 31-50 worksheet bw; number recognition 31-50 bw; count and write 31-50 bw; number chart 31-50 bw; missing numbers 31-50 bw; numbers 31 to 50 bw; number sequencing 31-50 bw; color by number 31-50 bw; counting objects 31-50 bw,"Recognise, read, write numbers 31-50. Sequence filling, missing numbers. Mastery: count and write 31-50, fill missing numbers. Easier: count objects, write number 31-40. Further: trace and write numbers 31-35."
19,Numbers 31-50,19.1,Easier_Remediation,2,Number Sense,False,14,numbers 31-50 worksheet easy bw; counting 31-50 worksheet easy bw; number recognition 31-50 easy bw; count and write 31-50 easy bw; number chart 31-50 easy bw; missing numbers 31-50 easy bw; numbers 31 to 50 easy bw; number sequencing 31-50 easy bw; color by number 31-50 easy bw; counting objects 31-50 easy bw,"SIMPLER VERSION — Recognise, read, write numbers 31-50. Sequence filling, missing numbers. Easier: count and write 31-50, fill missing numbers. Easier: count objects, write number 31-40. Further: trace and write numbers 31-35."
19,Numbers 31-50,19.2,Further_Remediation,2,Number Sense,False,14,numbers 31-50 worksheet beginner bw; counting 31-50 worksheet beginner bw; number recognition 31-50 beginner bw; count and write 31-50 beginner bw; number chart 31-50 beginner bw; missing numbers 31-50 beginner bw; numbers 31 to 50 beginner bw; number sequencing 31-50 beginner bw; color by number 31-50 beginner bw; counting objects 31-50 beginner bw,"SIMPLEST VERSION — Max scaffolding, minimal items. Recognise, read, write numbers 31-50. Sequence filling, missing numbers. Further: count and write 31-50, fill missing numbers. Easier: count objects, write number 31-40. Further: trace and write numbers 31-35."
20,Skip Counting in 2s/3s,20.0,Mastery,2,Patterns,False,18,skip counting worksheet bw; skip counting by 2s bw; skip counting by 3s bw; count by 2s worksheet bw; count by 3s worksheet bw; skip counting activity bw; fill missing skip counting bw; skip counting practice bw; skip counting number line bw; skip counting chart bw,"Skip count by 2s and 3s. Easy: forward pattern — 2,4,6,8,__,__ (pattern recognition). Medium: fill missing in middle — 4,__,12,__,16 (working memory). Hard: reverse — 10,8,6,__ (mental arithmetic). Mastery: mix of easy + medium. Easier: forward only with number line. Further: trace skip-count pattern."
20,Skip Counting in 2s/3s,20.1,Easier_Remediation,2,Patterns,False,14,skip counting worksheet easy bw; skip counting by 2s easy bw; skip counting by 3s easy bw; count by 2s worksheet easy bw; count by 3s worksheet easy bw; skip counting activity easy bw; fill missing skip counting easy bw; skip counting practice easy bw; skip counting number line easy bw; skip counting chart easy bw,"SIMPLER VERSION — Skip count by 2s and 3s. Easy: forward pattern — 2,4,6,8,__,__ (pattern recognition). Medium: fill missing in middle — 4,__,12,__,16 (working memory). Hard: reverse — 10,8,6,__ (mental arithmetic). Easier: mix of easy + medium. Easier: forward only with number line. Further: trace skip-count pattern."
20,Skip Counting in 2s/3s,20.2,Further_Remediation,2,Patterns,False,14,skip counting worksheet beginner bw; skip counting by 2s beginner bw; skip counting by 3s beginner bw; count by 2s worksheet beginner bw; count by 3s worksheet beginner bw; skip counting activity beginner bw; fill missing skip counting beginner bw; skip counting practice beginner bw; skip counting number line beginner bw; skip counting chart beginner bw,"SIMPLEST VERSION — Max scaffolding, minimal items. Skip count by 2s and 3s. Easy: forward pattern — 2,4,6,8,__,__ (pattern recognition). Medium: fill missing in middle — 4,__,12,__,16 (working memory). Hard: reverse — 10,8,6,__ (mental arithmetic). Further: mix of easy + medium. Easier: forward only with number line. Further: trace skip-count pattern."
21,Comparison (1-50),21.0,Mastery,2,Number Sense,False,18,comparison 1-50 worksheet bw; greater less than 1-50 bw; comparing numbers 1-50 bw; compare numbers worksheet bw; more less equal to 50 bw; number comparison 1-50 bw; greater smaller number bw; compare 2 digit numbers bw; number inequality 1-50 bw; using comparison symbols bw,"Compare numbers 1-50 using >, <, =. Object comparison first (easy: 🍎🍎🍎 vs 🍎🍎🍎🍎🍎), then finger comparison (moderate: 3 fingers vs 4), then abstract numerals (hard: 4 vs 5, 8 vs 9). Mastery: all variations. Easier: compare object groups. Further: small numerals with dot arrays."
21,Comparison (1-50),21.1,Easier_Remediation,2,Number Sense,False,14,comparison 1-50 worksheet easy bw; greater less than 1-50 easy bw; comparing numbers 1-50 easy bw; compare numbers worksheet easy bw; more less equal to 50 easy bw; number comparison 1-50 easy bw; greater smaller number easy bw; compare 2 digit numbers easy bw; number inequality 1-50 easy bw; using comparison symbols easy bw,"SIMPLER VERSION — Compare numbers 1-50 using >, <, =. Object comparison first (easy: 🍎🍎🍎 vs 🍎🍎🍎🍎🍎), then finger comparison (moderate: 3 fingers vs 4), then abstract numerals (hard: 4 vs 5, 8 vs 9). Easier: all variations. Easier: compare object groups. Further: small numerals with dot arrays."
21,Comparison (1-50),21.2,Further_Remediation,2,Number Sense,False,14,comparison 1-50 worksheet beginner bw; greater less than 1-50 beginner bw; comparing numbers 1-50 beginner bw; compare numbers worksheet beginner bw; more less equal to 50 beginner bw; number comparison 1-50 beginner bw; greater smaller number beginner bw; compare 2 digit numbers beginner bw; number inequality 1-50 beginner bw; using comparison symbols beginner bw,"SIMPLEST VERSION — Max scaffolding, minimal items. Compare numbers 1-50 using >, <, =. Object comparison first (easy: 🍎🍎🍎 vs 🍎🍎🍎🍎🍎), then finger comparison (moderate: 3 fingers vs 4), then abstract numerals (hard: 4 vs 5, 8 vs 9). Further: all variations. Easier: compare object groups. Further: small numerals with dot arrays."
22,Ordering (51-100),22.0,Mastery,2,Number Sense,False,18,ordering numbers 51-100 bw; ascending order 51-100 bw; descending order 51-100 bw; least greatest 51-100 bw; number order to 100 bw; arrange numbers worksheet bw; order numbers 51-100 bw; sequencing numbers to 100 bw; sort numbers worksheet bw; increasing order to 100 bw,Arrange numbers 51-100 in ascending and descending order. Mastery: order 5-6 numbers. Easier: order 3-4 numbers. Further: order 3 numbers with visual number line.
22,Ordering (51-100),22.1,Easier_Remediation,2,Number Sense,False,14,ordering numbers 51-100 easy bw; ascending order 51-100 easy bw; descending order 51-100 easy bw; least greatest 51-100 easy bw; number order to 100 easy bw; arrange numbers worksheet easy bw; order numbers 51-100 easy bw; sequencing numbers to 100 easy bw; sort numbers worksheet easy bw; increasing order to 100 easy bw,SIMPLER VERSION — Arrange numbers 51-100 in ascending and descending order. Easier: order 5-6 numbers. Easier: order 3-4 numbers. Further: order 3 numbers with visual number line.
22,Ordering (51-100),22.2,Further_Remediation,2,Number Sense,False,14,ordering numbers 51-100 beginner bw; ascending order 51-100 beginner bw; descending order 51-100 beginner bw; least greatest 51-100 beginner bw; number order to 100 beginner bw; arrange numbers worksheet beginner bw; order numbers 51-100 beginner bw; sequencing numbers to 100 beginner bw; sort numbers worksheet beginner bw; increasing order to 100 beginner bw,"SIMPLEST VERSION — Max scaffolding, minimal items. Arrange numbers 51-100 in ascending and descending order. Further: order 5-6 numbers. Easier: order 3-4 numbers. Further: order 3 numbers with visual number line."
23,Review Assessment 3,23.0,Mastery,2,Review,True,12,review assessment grade 2 bw; math review worksheet g2 bw; mixed math practice bw; cumulative review math bw; assessment math grade 2 bw; skill review worksheet bw; math test prep grade 2 bw; mixed operations worksheet bw; math checkpoint worksheet bw; summative assessment math bw,"Cumulative review of Levels 12-22. Covers: place value, numbers 11-50, skip counting, ordering, comparison, addition/subtraction 1-30. 50% easy, 35% moderate, 15% hard. No single cumulative exam — mastery at topic level."
23,Review Assessment 3,23.1,Easier_Remediation,2,Review,True,8,review assessment grade 2 easy bw; math review worksheet g2 easy bw; mixed math practice easy bw; cumulative review math easy bw; assessment math grade 2 easy bw; skill review worksheet easy bw; math test prep grade 2 easy bw; mixed operations worksheet easy bw; math checkpoint worksheet easy bw; summative assessment math easy bw,"SIMPLER VERSION — Cumulative review of Levels 12-22. Covers: place value, numbers 11-50, skip counting, ordering, comparison, addition/subtraction 1-30. 50% easy, 35% moderate, 15% hard. No single cumulative exam — mastery at topic level."
23,Review Assessment 3,23.2,Further_Remediation,2,Review,True,6,review assessment grade 2 beginner bw; math review worksheet g2 beginner bw; mixed math practice beginner bw; cumulative review math beginner bw; assessment math grade 2 beginner bw; skill review worksheet beginner bw; math test prep grade 2 beginner bw; mixed operations worksheet beginner bw; math checkpoint worksheet beginner bw; summative assessment math beginner bw,"SIMPLEST VERSION — Max scaffolding, minimal items. Cumulative review of Levels 12-22. Covers: place value, numbers 11-50, skip counting, ordering, comparison, addition/subtraction 1-30. 50% easy, 35% moderate, 15% hard. No single cumulative exam — mastery at topic level."
24,Place Value / Numbers 51-100,24.0,Mastery,2,Place Value,False,12,numbers 51-100 worksheet bw; counting 51-100 worksheet bw; missing numbers 51-100 bw; number chart 51 to 100 bw; write numbers 51-100 bw; number recognition 51-100 bw; count to 100 worksheet bw; number sequencing 51-100 bw; hundred chart activities bw; numbers to 100 worksheet bw,"Place value with tens and ones blocks for 51-100. Identify how many tens and ones. Mastery: write expanded form. Easier: count blocks, write number. Further: match block picture to numeral."
24,Place Value / Numbers 51-100,24.1,Easier_Remediation,2,Place Value,False,10,numbers 51-100 worksheet easy bw; counting 51-100 worksheet easy bw; missing numbers 51-100 easy bw; number chart 51 to 100 easy bw; write numbers 51-100 easy bw; number recognition 51-100 easy bw; count to 100 worksheet easy bw; number sequencing 51-100 easy bw; hundred chart activities easy bw; numbers to 100 worksheet easy bw,"SIMPLER VERSION — Place value with tens and ones blocks for 51-100. Identify how many tens and ones. Easier: write expanded form. Easier: count blocks, write number. Further: match block picture to numeral."
24,Place Value / Numbers 51-100,24.2,Further_Remediation,2,Place Value,False,10,numbers 51-100 worksheet beginner bw; counting 51-100 worksheet beginner bw; missing numbers 51-100 beginner bw; number chart 51 to 100 beginner bw; write numbers 51-100 beginner bw; number recognition 51-100 beginner bw; count to 100 worksheet beginner bw; number sequencing 51-100 beginner bw; hundred chart activities beginner bw; numbers to 100 worksheet beginner bw,"SIMPLEST VERSION — Max scaffolding, minimal items. Place value with tens and ones blocks for 51-100. Identify how many tens and ones. Further: write expanded form. Easier: count blocks, write number. Further: match block picture to numeral."
25,Carry Addition,25.0,Mastery,2-3,Number Operations,False,12,carry addition worksheet bw; addition with regrouping worksheet bw; 2 digit addition with carry bw; vertical addition with regrouping bw; addition carry over worksheet bw; adding with regrouping 2 digit bw; carry addition sums worksheet bw; addition regrouping practice bw; two digit addition with carry bw; addition with carry grade 2 bw,2-digit addition with carry/regrouping. Mastery: 2-digit + 2-digit with carry. Easier: 2-digit + 1-digit with carry (e.g. 27+8). Further: addition with visual block support showing regrouping.
25,Carry Addition,25.1,Easier_Remediation,2-3,Number Operations,False,10,carry addition worksheet easy bw; addition with regrouping worksheet easy bw; 2 digit addition with carry easy bw; vertical addition with regrouping easy bw; addition carry over worksheet easy bw; adding with regrouping 2 digit easy bw; carry addition sums worksheet easy bw; addition regrouping practice easy bw; two digit addition with carry easy bw; addition with carry grade 2 easy bw,SIMPLER VERSION — 2-digit addition with carry/regrouping. Easier: 2-digit + 2-digit with carry. Easier: 2-digit + 1-digit with carry (e.g. 27+8). Further: addition with visual block support showing regrouping.
25,Carry Addition,25.2,Further_Remediation,2-3,Number Operations,False,10,carry addition worksheet beginner bw; addition with regrouping worksheet beginner bw; 2 digit addition with carry beginner bw; vertical addition with regrouping beginner bw; addition carry over worksheet beginner bw; adding with regrouping 2 digit beginner bw; carry addition sums worksheet beginner bw; addition regrouping practice beginner bw; two digit addition with carry beginner bw; addition with carry grade 2 beginner bw,"SIMPLEST VERSION — Max scaffolding, minimal items. 2-digit addition with carry/regrouping. Further: 2-digit + 2-digit with carry. Easier: 2-digit + 1-digit with carry (e.g. 27+8). Further: addition with visual block support showing regrouping."
26,Borrow Subtraction,26.0,Mastery,2-3,Number Operations,False,12,borrow subtraction worksheet bw; subtraction with regrouping worksheet bw; 2 digit subtraction with borrow bw; vertical subtraction with regrouping bw; subtraction borrow over worksheet bw; subtracting with regrouping 2 digit bw; borrow subtraction sums worksheet bw; subtraction regrouping practice bw; two digit subtraction with borrow bw; subtraction with borrowing grade 2 bw,2-digit subtraction with borrowing/regrouping. Mastery: 2-digit - 2-digit with borrow. Easier: 2-digit - 1-digit with borrow. Further: subtraction with visual block support showing regrouping process.
26,Borrow Subtraction,26.1,Easier_Remediation,2-3,Number Operations,False,10,borrow subtraction worksheet easy bw; subtraction with regrouping worksheet easy bw; 2 digit subtraction with borrow easy bw; vertical subtraction with regrouping easy bw; subtraction borrow over worksheet easy bw; subtracting with regrouping 2 digit easy bw; borrow subtraction sums worksheet easy bw; subtraction regrouping practice easy bw; two digit subtraction with borrow easy bw; subtraction with borrowing grade 2 easy bw,SIMPLER VERSION — 2-digit subtraction with borrowing/regrouping. Easier: 2-digit - 2-digit with borrow. Easier: 2-digit - 1-digit with borrow. Further: subtraction with visual block support showing regrouping process.
26,Borrow Subtraction,26.2,Further_Remediation,2-3,Number Operations,False,10,borrow subtraction worksheet beginner bw; subtraction with regrouping worksheet beginner bw; 2 digit subtraction with borrow beginner bw; vertical subtraction with regrouping beginner bw; subtraction borrow over worksheet beginner bw; subtracting with regrouping 2 digit beginner bw; borrow subtraction sums worksheet beginner bw; subtraction regrouping practice beginner bw; two digit subtraction with borrow beginner bw; subtraction with borrowing grade 2 beginner bw,"SIMPLEST VERSION — Max scaffolding, minimal items. 2-digit subtraction with borrowing/regrouping. Further: 2-digit - 2-digit with borrow. Easier: 2-digit - 1-digit with borrow. Further: subtraction with visual block support showing regrouping process."
27,Comparison (Up to 100),27.0,Mastery,2-3,Number Sense,False,12,compare numbers to 100 worksheet bw; greater than less than 2 digit bw; comparing 2 digit numbers bw; compare numbers using symbols bw; more less numbers to 100 bw; number comparison grade 2 bw; greater less equal numbers bw; comparing numbers to 100 bw; number inequality worksheet bw,"Compare 2-digit numbers up to 100 using >, <, =. Mastery: any two 2-digit numbers. Easier: compare 2-digit number with tens/ones blocks. Further: compare using a number line."
27,Comparison (Up to 100),27.1,Easier_Remediation,2-3,Number Sense,False,10,compare numbers to 100 worksheet easy bw; greater than less than 2 digit easy bw; comparing 2 digit numbers easy bw; compare numbers using symbols easy bw; more less numbers to 100 easy bw; number comparison grade 2 easy bw; greater less equal numbers easy bw; comparing numbers to 100 easy bw; number inequality worksheet easy bw,"SIMPLER VERSION — Compare 2-digit numbers up to 100 using >, <, =. Easier: any two 2-digit numbers. Easier: compare 2-digit number with tens/ones blocks. Further: compare using a number line."
27,Comparison (Up to 100),27.2,Further_Remediation,2-3,Number Sense,False,10,compare numbers to 100 worksheet beginner bw; greater than less than 2 digit beginner bw; comparing 2 digit numbers beginner bw; compare numbers using symbols beginner bw; more less numbers to 100 beginner bw; number comparison grade 2 beginner bw; greater less equal numbers beginner bw; comparing numbers to 100 beginner bw; number inequality worksheet beginner bw,"SIMPLEST VERSION — Max scaffolding, minimal items. Compare 2-digit numbers up to 100 using >, <, =. Further: any two 2-digit numbers. Easier: compare 2-digit number with tens/ones blocks. Further: compare using a number line."
28,Ordering (Ascend/Descend),28.0,Mastery,2-3,Number Sense,False,12,ascending descending order worksheet bw; ordering numbers to 100 bw; least greatest numbers worksheet bw; arrange numbers ascending bw; arrange numbers descending bw; number order worksheet grade 2 bw; smallest largest number worksheet bw; numerical order worksheet bw; sequencing numbers to 100 bw,Order 3-5 numbers up to 100 in ascending and descending order. Mastery: 5 numbers both ways. Easier: 3-4 numbers ascending only. Further: 3 numbers with number line.
28,Ordering (Ascend/Descend),28.1,Easier_Remediation,2-3,Number Sense,False,10,ascending descending order worksheet easy bw; ordering numbers to 100 easy bw; least greatest numbers worksheet easy bw; arrange numbers ascending easy bw; arrange numbers descending easy bw; number order worksheet grade 2 easy bw; smallest largest number worksheet easy bw; numerical order worksheet easy bw; sequencing numbers to 100 easy bw,SIMPLER VERSION — Order 3-5 numbers up to 100 in ascending and descending order. Easier: 5 numbers both ways. Easier: 3-4 numbers ascending only. Further: 3 numbers with number line.
28,Ordering (Ascend/Descend),28.2,Further_Remediation,2-3,Number Sense,False,10,ascending descending order worksheet beginner bw; ordering numbers to 100 beginner bw; least greatest numbers worksheet beginner bw; arrange numbers ascending beginner bw; arrange numbers descending beginner bw; number order worksheet grade 2 beginner bw; smallest largest number worksheet beginner bw; numerical order worksheet beginner bw; sequencing numbers to 100 beginner bw,"SIMPLEST VERSION — Max scaffolding, minimal items. Order 3-5 numbers up to 100 in ascending and descending order. Further: 5 numbers both ways. Easier: 3-4 numbers ascending only. Further: 3 numbers with number line."
29,Data Handling - Tally Marks,29.0,Mastery,3,Data Handling,False,10,tally marks worksheet bw; tally chart worksheet bw; count tally marks worksheet bw; tally mark activity bw; draw tally marks worksheet bw; tally graph worksheet bw; reading tally marks bw; tally counting worksheet bw; data handling tally marks bw; tally marks kindergarten bw,"Count, draw, and interpret tally marks. Mastery: read tally charts and answer questions. Easier: count tally marks and write number. Further: match tally mark group to correct numeral."
29,Data Handling - Tally Marks,29.1,Easier_Remediation,3,Data Handling,False,8,tally marks worksheet easy bw; tally chart worksheet easy bw; count tally marks worksheet easy bw; tally mark activity easy bw; draw tally marks worksheet easy bw; tally graph worksheet easy bw; reading tally marks easy bw; tally counting worksheet easy bw; data handling tally marks easy bw; tally marks kindergarten easy bw,"SIMPLER VERSION — Count, draw, and interpret tally marks. Easier: read tally charts and answer questions. Easier: count tally marks and write number. Further: match tally mark group to correct numeral."
29,Data Handling - Tally Marks,29.2,Further_Remediation,3,Data Handling,False,8,tally marks worksheet beginner bw; tally chart worksheet beginner bw; count tally marks worksheet beginner bw; tally mark activity beginner bw; draw tally marks worksheet beginner bw; tally graph worksheet beginner bw; reading tally marks beginner bw; tally counting worksheet beginner bw; data handling tally marks beginner bw; tally marks kindergarten beginner bw,"SIMPLEST VERSION — Max scaffolding, minimal items. Count, draw, and interpret tally marks. Further: read tally charts and answer questions. Easier: count tally marks and write number. Further: match tally mark group to correct numeral."
30,Time - Analog Clock,30.0,Mastery,3,Measurement,False,12,analog clock worksheet bw; tell time worksheet bw; reading clock worksheet bw; clock practice worksheet bw; hour half hour worksheet bw; time to the hour worksheet bw; time to half hour worksheet bw; clock faces worksheet bw; telling time analog bw; what time is it worksheet bw,"Read analog clock to hour and half-hour. Mastery: read any hour/half-hour time. Easier: read hour only (e.g. 3:00, 7:00). Further: match clock face to written time (draw line)."
30,Time - Analog Clock,30.1,Easier_Remediation,3,Measurement,False,10,analog clock worksheet easy bw; tell time worksheet easy bw; reading clock worksheet easy bw; clock practice worksheet easy bw; hour half hour worksheet easy bw; time to the hour worksheet easy bw; time to half hour worksheet easy bw; clock faces worksheet easy bw; telling time analog easy bw; what time is it worksheet easy bw,"SIMPLER VERSION — Read analog clock to hour and half-hour. Easier: read any hour/half-hour time. Easier: read hour only (e.g. 3:00, 7:00). Further: match clock face to written time (draw line)."
30,Time - Analog Clock,30.2,Further_Remediation,3,Measurement,False,8,analog clock worksheet beginner bw; tell time worksheet beginner bw; reading clock worksheet beginner bw; clock practice worksheet beginner bw; hour half hour worksheet beginner bw; time to the hour worksheet beginner bw; time to half hour worksheet beginner bw; clock faces worksheet beginner bw; telling time analog beginner bw; what time is it worksheet beginner bw,"SIMPLEST VERSION — Max scaffolding, minimal items. Read analog clock to hour and half-hour. Further: read any hour/half-hour time. Easier: read hour only (e.g. 3:00, 7:00). Further: match clock face to written time (draw line)."
31,Ordinal Positions (1st-10th),31.0,Mastery,3,Number Sense,False,10,ordinal numbers worksheet bw; ordinal position worksheet bw; 1st to 10th worksheet bw; ordinal numbers kindergarten bw; positional words worksheet bw; first second third worksheet bw; order position worksheet bw; ordinal number activity bw; sequence position worksheet bw; ordinal words worksheet bw,"Identify ordinal positions 1st through 10th. Who is first? Who is third? Mastery: identify position in a line. Easier: identify with position numbers written on each spot. Further: match ordinal word (first, second, third) to position number (1st, 2nd, 3rd)."
31,Ordinal Positions (1st-10th),31.1,Easier_Remediation,3,Number Sense,False,8,ordinal numbers worksheet easy bw; ordinal position worksheet easy bw; 1st to 10th worksheet easy bw; ordinal numbers kindergarten easy bw; positional words worksheet easy bw; first second third worksheet easy bw; order position worksheet easy bw; ordinal number activity easy bw; sequence position worksheet easy bw; ordinal words worksheet easy bw,"SIMPLER VERSION — Identify ordinal positions 1st through 10th. Who is first? Who is third? Easier: identify position in a line. Easier: identify with position numbers written on each spot. Further: match ordinal word (first, second, third) to position number (1st, 2nd, 3rd)."
31,Ordinal Positions (1st-10th),31.2,Further_Remediation,3,Number Sense,False,8,ordinal numbers worksheet beginner bw; ordinal position worksheet beginner bw; 1st to 10th worksheet beginner bw; ordinal numbers kindergarten beginner bw; positional words worksheet beginner bw; first second third worksheet beginner bw; order position worksheet beginner bw; ordinal number activity beginner bw; sequence position worksheet beginner bw; ordinal words worksheet beginner bw,"SIMPLEST VERSION — Max scaffolding, minimal items. Identify ordinal positions 1st through 10th. Who is first? Who is third? Further: identify position in a line. Easier: identify with position numbers written on each spot. Further: match ordinal word (first, second, third) to position number (1st, 2nd, 3rd)."
32,Multiplication (Repeated Add),32.0,Mastery,3,Number Operations,False,12,multiplication repeated addition worksheet bw; equal groups worksheet bw; repeated addition worksheet bw; multiplication as repeated addition bw; equal groups multiplication bw; intro to multiplication worksheet bw; multiply with pictures worksheet bw; count equal groups worksheet bw; beginning multiplication worksheet bw; arrays repeated addition bw,Multiplication as repeated addition using equal groups and arrays. Mastery: write repeated addition sentence for equal groups (e.g. 3+3+3+3 = 4×3). Easier: count total in equal groups. Further: draw equal groups for given repeated addition.
32,Multiplication (Repeated Add),32.1,Easier_Remediation,3,Number Operations,False,10,multiplication repeated addition worksheet easy bw; equal groups worksheet easy bw; repeated addition worksheet easy bw; multiplication as repeated addition easy bw; equal groups multiplication easy bw; intro to multiplication worksheet easy bw; multiply with pictures worksheet easy bw; count equal groups worksheet easy bw; beginning multiplication worksheet easy bw; arrays repeated addition easy bw,SIMPLER VERSION — Multiplication as repeated addition using equal groups and arrays. Easier: write repeated addition sentence for equal groups (e.g. 3+3+3+3 = 4×3). Easier: count total in equal groups. Further: draw equal groups for given repeated addition.
32,Multiplication (Repeated Add),32.2,Further_Remediation,3,Number Operations,False,8,multiplication repeated addition worksheet beginner bw; equal groups worksheet beginner bw; repeated addition worksheet beginner bw; multiplication as repeated addition beginner bw; equal groups multiplication beginner bw; intro to multiplication worksheet beginner bw; multiply with pictures worksheet beginner bw; count equal groups worksheet beginner bw; beginning multiplication worksheet beginner bw; arrays repeated addition beginner bw,"SIMPLEST VERSION — Max scaffolding, minimal items. Multiplication as repeated addition using equal groups and arrays. Further: write repeated addition sentence for equal groups (e.g. 3+3+3+3 = 4×3). Easier: count total in equal groups. Further: draw equal groups for given repeated addition."
